{"stats":{"minecraft:used":{"minecraft:moss_carpet":1,"minecraft:bread":1,"minecraft:stone_pickaxe":49,"minecraft:oak_planks":3,"minecraft:wooden_pickaxe":23,"minecraft:stone_axe":30,"minecraft:torch":10,"minecraft:dirt":3,"minecraft:crafting_table":1},"minecraft:picked_up":{"regions_unexplored:small_oak_log":7,"modern_industrialization:lignite_coal":19,"minecraft:stick":4,"minecraft:crafting_table":1,"minecraft:torch":1,"minecraft:wooden_pickaxe":1,"minecraft:oak_log":17,"minecraft:dirt":10,"minecraft:moss_carpet":1,"regions_unexplored:small_oak_sapling":3,"regions_unexplored:mauve_sapling":3,"botania:lime_mystical_flower":4,"regions_unexplored:mauve_log":6,"minecraft:wheat_seeds":2,"fishofthieves:earthworms":1,"minecraft:oak_sapling":13,"twigs:twig":4,"minecraft:oak_planks":1,"minecraft:coal":23,"minecraft:cobblestone":19},"minecraft:dropped":{"minecraft:wheat_seeds":2,"minecraft:wooden_pickaxe":2},"minecraft:crafted":{"minecraft:oak_planks":16,"minecraft:crafting_table":1,"minecraft:stick":14,"minecraft:wooden_pickaxe":1,"minecraft:stone_pickaxe":1,"minecraft:torch":24,"minecraft:stone_axe":1},"minecraft:custom":{"minecraft:time_since_rest":16010,"minecraft:sprint_one_cm":18405,"minecraft:walk_one_cm":35645,"minecraft:drop":4,"minecraft:interact_with_crafting_table":2,"minecraft:fly_one_cm":25156,"minecraft:crouch_one_cm":2013,"minecraft:play_time":16010,"minecraft:sneak_time":794,"minecraft:jump":159,"minecraft:time_since_death":16010,"minecraft:total_world_time":16010,"minecraft:hex":0,"minecraft:fall_one_cm":4474},"minecraft:mined":{"minecraft:podzol":2,"botania:lime_mystical_flower":4,"minecraft:moss_carpet":1,"treechop:chopped_log":7,"minecraft:crafting_table":1,"minecraft:grass":1,"minecraft:coal_ore":23,"minecraft:oak_log":2,"minecraft:dirt":8,"modern_industrialization:lignite_coal_ore":19,"minecraft:tall_grass":1,"regions_unexplored:medium_grass":1,"regions_unexplored:mauve_log":1,"minecraft:stone":19,"minecraft:oak_planks":1,"minecraft:wall_torch":1,"minecraft:fern":1}},"DataVersion":3465}